<?xml version="1.0" encoding="UTF-8"?>
<keywords>
   <keywords>
      <text FeatureID="-1">GPS data</text>
      <target FeatureID="-1" href="HLP_BLID_NAVIGATION.html">Navigation view</target>
      <target FeatureID="false_112" href="BLID_HLP_WAYPOINTS.html">Saved locations</target>
      <target FeatureID="-1" href="HLP_BLID_TRIPMETER.html">Trip distance view</target>
   </keywords>
   <keywords>
      <text FeatureID="-1">navigating to destination</text>
      <target FeatureID="-1" href="HLP_BLID_NAVIGATION.html">Navigation view</target>
   </keywords>
   <keywords>
      <text FeatureID="false_112">saving locations</text>
      <target FeatureID="false_112" href="BLID_HLP_WAYPOINTS.html">Saved locations</target>
   </keywords>
   <keywords>
      <text FeatureID="-1">navigator settings</text>
      <target FeatureID="-1" href="BLID_HLP_SETTINGS.html">GPS data settings</target>
   </keywords>
   <keywords>
      <text FeatureID="-1">GPS data settings</text>
      <target FeatureID="-1" href="BLID_HLP_SETTINGS.html">GPS data settings</target>
   </keywords>
   <keywords>
      <text FeatureID="-1">trip information</text>
      <target FeatureID="-1" href="HLP_BLID_TRIPMETER.html">Trip distance view</target>
   </keywords>
   <keywords>
      <text FeatureID="-1">travelling information</text>
      <target FeatureID="-1" href="HLP_BLID_TRIPMETER.html">Trip distance view</target>
   </keywords>
</keywords>